ID_Cliente,Edad,Ingreso_Declarado,Antiguedad_Laboral,Tipo_Vivienda
CLI-1001,35,25000.0,4.5,Propia
CLI-1002,150,18000.0,2.0,renta
CLI-1003,28,,,Alquilada
CLI-1004,-5,45000.0,8.0,PROPIA
CLI-1005,42,12000.0,1.5,Hipotecada
CLI-1006,29,22000.0,3.0,Alquilada
CLI-1006,29,22000.0,3.0,Alquilada
CLI-1007,45,38000.0,12.0,propia
CLI-1008,52,30000.0,15.5,Hipotecada
CLI-1009,33,,6.0,PROPIA
CLI-1010,69,27000.0,30.0,Propia
CLI-1011,70,19000.0,25.0,renta
CLI-1012,18,9000.0,0.5,RENTA
CLI-1013,41,33000.0,,Alquilada
CLI-1014,38,41000.0,9.0,Propia
CLI-1015,26,16000.0,2.0,renta
CLI-1016,31,28000.0,5.0,Propia
CLI-1017,47,52000.0,20.0,propia
CLI-1018,23,11000.0,1.0,Rentada
CLI-1019,58,36000.0,28.0,Hipotecada
CLI-1020,39,31000.0,8.0,Alquilada
CLI-1021,64,24000.0,35.0,Propia
CLI-1022,27,15000.0,2.0,renta
CLI-1023,75,20000.0,40.0,Propia
CLI-1024,35,,7.0,ALQUILADA
CLI-1025,44,47000.0,15.0,Propia
CLI-1026,50,29000.0,18.0,Hipotecada
CLI-1027,21,9500.0,0.5,renta
CLI-1028,36,33000.0,9.0,Propia
CLI-1029,42,39000.0,13.0,Alquilada
CLI-1030,55,45000.0,22.0,propia
CLI-1031,30,26000.0,4.0,Rentada
CLI-1032,66,30000.0,30.0,Propia
CLI-1033,17,5000.0,0.0,renta
CLI-1034,48,50000.0,19.0,PROPIA
CLI-1035,33,27000.0,6.0,Alquilada
CLI-1036,33,27800.0,6.5,renta
CLI-1037,41,39700.0,22.0,Alquilada
CLI-1038,56,45200.0,37.5,PROPIA
CLI-1039,49,21600.0,19.0,PROPIA
CLI-1040,31,26800.0,5.0,propia
CLI-1041,16,5000.0,0.5,Hipotecada
CLI-1042,23,15000.0,1.5,propia
CLI-1043,64,48200.0,5.0,propia
CLI-1044,25,45400.0,6.5,Propia
CLI-1045,27,30700.0,4.5,PROPIA
CLI-1046,29,20900.0,4.5,Hipotecada
CLI-1047,45,24600.0,0.5,renta
CLI-1048,25,29500.0,6.5,propia
CLI-1049,30,27000.0,,Propia
CLI-1050,41,40700.0,11.5,renta
CLI-1051,43,35900.0,13.0,Hipotecada
CLI-1052,39,29900.0,15.0,PROPIA
CLI-1052,39,29900.0,15.0,PROPIA
CLI-1053,69,,11.5,PROPIA
CLI-1054,35,33800.0,15.0,Alquilada
CLI-1055,48,45800.0,11.5,propia
CLI-1056,53,15200.0,30.5,Alquilada
CLI-1057,59,28100.0,37.5,propia
CLI-1058,57,34500.0,23.5,PROPIA
CLI-1059,52,42000.0,28.0,Hipotecada
CLI-1060,60,26900.0,6.5,Rentada
CLI-1061,48,47500.0,28.0,Propia
CLI-1062,58,43200.0,34.0,Propia
CLI-1063,61,37000.0,20.0,Rentada
CLI-1064,58,31800.0,21.5,renta
CLI-1065,24,33300.0,1.0,Rentada
CLI-1065,24,33300.0,1.0,Rentada
CLI-1066,69,30100.0,18.0,Alquilada
CLI-1067,33,42900.0,14.0,Rentada
CLI-1068,44,25300.0,12.0,Propia
CLI-1069,21,15400.0,3.0,renta
CLI-1070,45,18700.0,16.5,Rentada
CLI-1071,18,9500.0,0.0,Hipotecada
CLI-1072,16,25100.0,0.0,Rentada
CLI-1073,55,32500.0,23.0,renta
CLI-1074,50,24800.0,27.5,Hipotecada
CLI-1075,72,41100.0,24.0,renta
CLI-1076,29,23400.0,0.5,Alquilada
CLI-1077,29,36600.0,11.0,PROPIA
CLI-1078,39,36200.0,,Propia
CLI-1079,21,26900.0,1.0,Alquilada
CLI-1080,69,39000.0,,renta
CLI-1081,44,29300.0,19.5,Rentada
CLI-1082,62,51000.0,36.5,Hipotecada
CLI-1083,49,29100.0,20.0,Rentada
CLI-1084,34,32200.0,15.5,Hipotecada
CLI-1085,56,35500.0,24.5,PROPIA
CLI-1086,56,32500.0,17.0,Rentada
CLI-1087,69,34500.0,33.5,Propia
CLI-1088,56,36600.0,11.0,Alquilada
CLI-1089,37,22200.0,12.5,Rentada
CLI-1090,24,,1.0,Alquilada
CLI-1091,56,37000.0,36.0,PROPIA
CLI-1092,36,29900.0,2.5,Rentada
CLI-1093,24,26800.0,5.0,Propia
CLI-1094,35,15500.0,16.5,Alquilada
CLI-1095,63,25000.0,25.5,Hipotecada
CLI-1096,45,38800.0,17.5,PROPIA
CLI-1097,50,34500.0,0.5,Hipotecada
CLI-1098,63,24700.0,13.0,propia
CLI-1099,29,28000.0,10.0,propia
CLI-1100,25,30900.0,6.0,Rentada
CLI-1101,35,25500.0,15.5,Rentada
CLI-1102,33,11600.0,6.5,renta
CLI-1103,68,37800.0,12.5,propia
CLI-1104,63,26500.0,38.5,Alquilada
CLI-1105,32,26800.0,9.5,Alquilada
CLI-1106,39,37100.0,1.5,Alquilada
CLI-1107,36,6800.0,0.5,Rentada
CLI-1108,72,34500.0,18.5,Rentada
CLI-1109,22,18000.0,2.5,Hipotecada
CLI-1110,52,24600.0,22.0,propia
CLI-1111,55,49300.0,,PROPIA
CLI-1112,26,13800.0,6.5,Rentada
CLI-1113,69,35000.0,3.0,Alquilada
CLI-1114,30,25900.0,2.5,Hipotecada
CLI-1115,48,23600.0,8.0,Hipotecada
CLI-1116,70,40700.0,19.5,renta
CLI-1117,24,31800.0,2.5,PROPIA
CLI-1118,43,13200.0,20.0,Hipotecada
CLI-1119,34,19600.0,15.5,PROPIA
CLI-1120,33,30900.0,8.0,renta
CLI-1121,72,49100.0,12.0,Hipotecada
CLI-1122,32,21200.0,13.5,propia
CLI-1123,56,35300.0,,renta
CLI-1124,46,20000.0,22.5,Rentada
CLI-1125,38,30400.0,15.0,PROPIA
CLI-1126,25,15200.0,6.5,renta
CLI-1127,48,7000.0,7.0,Propia
CLI-1128,58,35300.0,23.5,Alquilada
CLI-1129,53,33800.0,24.0,propia
CLI-1130,44,21200.0,12.0,propia
CLI-1131,56,32700.0,24.0,propia
CLI-1132,33,25900.0,12.0,Alquilada
CLI-1133,53,29800.0,24.5,Hipotecada
CLI-1134,48,29900.0,13.5,renta
CLI-1135,61,44100.0,19.5,renta
